{"cameraMode":{"drawMode":0,"name":"Shaded","section":"Shading Mode"},"sceneLighting":true,"audioPlay":false,"sceneViewState":{"m_AlwaysRefresh":false,"showFog":true,"showSkybox":true,"showFlares":true,"showImageEffects":true,"showParticleSystems":true,"showVisualEffectGraphs":true,"m_FxEnabled":true},"in2DMode":false,"pivot":{"x":-2.3983566761016847,"y":1.0346637964248658,"z":-0.8373793363571167},"rotation":{"x":-0.07457435876131058,"y":0.7008585333824158,"z":-0.07407914847135544,"w":-0.7055023312568665},"size":1.3869562149047852,"orthographic":false}